id,nombre,unidad_aca,sede,dirreccion,barrio,comuna,telefono,fax,web,geometry
1,Facultad Latinoamericana de Ciencias Sociales,Rectorado,,Ayacucho 551,Balvanera,Comuna 3,4375-2435/5238-9339 (C)5238-9300,4375-1373,www.flacso.org.ar,POINT (-58.395440789173364 -34.60267847932716)
2,Instituto de Enseñanza Superior del Ejército,Escuela Superior Técnica,"""General de División Manuel Nicolás Savio""",Cabildo Av. 15,Palermo,Comuna 14,4779-3384/3302,4779-3384,www.iese.edu.ar,POINT (-58.43574212174931 -34.57459125776815)
3,Instituto de Enseñanza Superior del Ejército,Escuela Superior de Guerra,"""Teniente General Luís Maria Campos""","Campos, Luis M. Av. 480",Palermo,Comuna 14,4576-3692/93,4576-5592,www.escuelasuperiordeguerra.iese.edu,POINT (-58.4338256078276 -34.57213793362023)
4,Instituto Tecnológico de Buenos Aires,"Departamento de Desarrollo de Recursos - Departamento de Economía, Finanzas y Legales - Departamento de Ing. Electrónica y Electrotecnia - Departamento de Ing. En Informática - Departamento de Ing. Industrial - Departamento de Ing. Mecánica - Departa",,"Madero, Eduardo Av. 399",Puerto Madero,Comuna 1,6393-4800,6393-4800,www.itba.edu.ar,POINT (-58.36802261287482 -34.60333614770179)
5,Instituto Universitario Aeronáutico,Instituto Nacional de Derecho Aeronáutico y Espacial,,Viamonte 153,San Nicolas,Comuna 1,4514-4267,4514-4267,,POINT (-58.37033210946315 -34.599416484350236)
6,Instituto Universitario Aeronáutico,Escuela Superior de Guerra Aérea,,Zanni Pedro Comodoro 250,Retiro,Comuna 1,4317-6464,4317-6464,,POINT (-58.37038520153323 -34.58429848979401)
7,Instituto Universitario Aeronáutico,Unidad de Educación a Distancia en el Exterior,Centro de Gestión en Buenos Aires,"Belgrano Av. 1370, piso 12",Monserrat,Comuna 1,4382-3834 // 4382-3670/4146/4017,4382-3834,,POINT (-58.385603821238725 -34.6134837776707)
8,Instituto Universitario CEMIC,Escuela de Medicina - Instituto de Investigaciones - Rectorado,,Galvan 4102,Saavedra,Comuna 12,4546-8290/91 (C)4546-8200 / 4546-8228,4546-8274,www.cemic.edu.ar,POINT (-58.494680742817444 -34.55740721370954)
9,Instituto Universitario de Ciencias de la Salud Fundación H.A. Barceló,Facultad de Medicina - Rectorado,,Las Heras General Av. 2191,Recoleta,Comuna 2,4805-2607/ 4804-4723/ 4576-2350/1 y 2,4805-2607,www.barcelo.edu.ar,POINT (-58.39563458211244 -34.588621971534955)
10,Instituto Universitario de la Fundación ISALUD,Facultad de Administración y Economía - Facultad de Alimentos y Nutrición - Facultad de Ciencias Sociales - Facultad de Salud - Rectorado,,Republica Bolivariana De Venezuela 931,Monserrat,Comuna 1,5239-4000,5239-4020,www.isalud.org,POINT (-58.37945339122107 -34.61409867911991)
11,Instituto Universitario de la Policía Federal Argentina,Escuela de Enfermería Nuestra Señora de los Remedios - Escuela de Instrumentación Quirúrgica - Facultad de Ciencias Biomédicas,,Uspallata 3400,Parque Patricios,Comuna 4,4909-4100 // 4909-4121/4179,4909-4121,www.universidad-policial.edu.a,POINT (-58.41166447299968 -34.63951196927601)
12,Instituto Universitario de la Policía Federal Argentina,Facultad de Ciencias Biomédicas - Facultad de Ciencias de la Criminalística - Facultad de Ciencias de la Seguridad - Facultad de Ciencias Jurídicas y Sociales - Rectorado,,Rosario 532,Caballito,Comuna 6,4903-7516/ 4902-4543/ 4902-4201/ 4901-9783,4909-4207,www.universidad-policial.edu.a,POINT (-58.4364030156678 -34.61955416479017)
13,Instituto Universitario de la Policía Federal Argentina,Centro de Educación a Distancia Universitaria,,Cavia 3378,Palermo,Comuna 14,4809-6162/ 4809-6161,,www.universidad-policial.edu.a,POINT (-58.403927443453235 -34.57361424960638)
14,Instituto Universitario de Salud Mental de la Asociación Psicoanalitica de Buenos Aires,Rectorado,,Maure 1850,Palermo,Comuna 14,4775-7867/7985/4779-0512,4775-7867,www.iusam.edu.ar,POINT (-58.436992374136835 -34.567986473179666)
15,Instituto Universitario de Seguridad Marítima,Rectorado,,"Corrientes Av. 345, Piso 12",San Nicolas,Comuna 1,4576-7655/4576-7611/13/4576-7611,4576-7655,,POINT (-58.37187239884903 -34.60302417203327)
16,Instituto Universitario Escuela Argentina de Negocios,Rectorado,,Cordoba Av. 1690,San Nicolas,Comuna 1,5032-3991/3900,5032-3901,http://www.iuean.edu.ar/,POINT (-58.39126611829887 -34.59962704913345)
17,"Instituto Universitario ""Escuela de Medicina del Hospital Italiano""",Rectorado,,Potosi 4240,Almagro,Comuna 5,4983-2624 [C]495-90200,4983-2624,www.hospitalitaliano.org.ar/es,POINT (-58.42680796180037 -34.607330852298546)
18,"Instituto Universitario ""Escuela Superior de Economía y Administración de Empresas",Departamento de Administración y Formación Empresarial - Departamento de Economía y Ciencias Sociales - Rectorado,,Uriarte 2472,Palermo,Comuna 14,4773-3735/4773-5825/4772-7243,4773-3735,www.eseade.edu.ar,POINT (-58.42307053438688 -34.58087851145939)
19,Instituto Universitario IDEA,Rectorado,,"Moreno 1850, pisos 1º, 2º, 3º, 4º, 5º",Balvanera,Comuna 3,5861-4307 (C)5861-4300,5861-4397,www.ideared.org,POINT (-58.392511019810684 -34.61275616357428)
20,Instituto Universitario ISEDET,Facultad de Teología,,Camacua 252,Flores,Comuna 7,4632-5030/5039/4361-0882,4633-2825,www.isedet.edu.ar,POINT (-58.457216329254464 -34.63071248594855)
21,Instituto Universitario ISEDET,Rectorado,,Camacua 282,Flores,Comuna 7,4632-5030/5039/4361-0882,4633-2825,www.isedet.edu.ar,POINT (-58.45716994423735 -34.63081261734273)
22,Instituto Universitario Naval,Escuela de Guerra Naval,,Del Libertador Av. 8071,Nuñez,Comuna 13,4704-7725,4704-8253,www.inun.edu.ar,POINT (-58.46369022406898 -34.54089570506927)
23,Instituto Universitario Naval,Escuela Nacional de Náutica,,"Rivadavia Martin, Comodoro 1231",Nuñez,Comuna 13,4704-9570 /9546,4704-9570,www.inun.edu.ar,POINT (-58.460639298497256 -34.53889310588287)
24,Instituto Universitario Naval,Escuela de Ciencias del Mar,,"Montes De Oca, Manuel Av. 2124",Barracas,Comuna 4,4303-2299/4301-9809,4301-9809,www.inun.edu.ar   www.hidro.gov.ar,POINT (-58.37132440289732 -34.65136911287914)
25,Instituto Universitario Naval,Rectorado,,"Py, Comodoro Av. 2055, Piso 10",Retiro,Comuna 1,4317-2000,4317-2000,www.inun.edu.ar,POINT (-58.36754362926427 -34.58755343676688)
26,Pontificia Universidad Católica Argentina,Facultad de Artes y Ciencias Musicales - Facultad de Ciencias Físicomatemáticas e Ingeniería - Facultad de Ciencias Médicas - Facultad de Derecho Canónico - Facultad de Filosofía y Letras,,"Moreau De Justo, Alicia Av. 1500, Edificio San Alberto Magno",Puerto Madero,Comuna 1,4349-0200/0419/20,4349-0402,www.uca.edu.ar,POINT (-58.36590073166517 -34.61571856882201)
27,Pontificia Universidad Católica Argentina,Rectorado,,"Moreau De Justo, Alicia Av. 1300, Edificio Santa María de los Buenos Aires",Puerto Madero,Comuna 1,4349-0251/4349-0200/43380600,4349-0273,www.uca.edu.ar,POINT (-58.36620667256202 -34.61315309716365)
28,Pontificia Universidad Católica Argentina,Facultad de Teología,,Concordia 4422,Villa Devoto,Comuna 11,4501-6428/6748,4501-6748,www.uca.edu.ar,POINT (-58.50829586202066 -34.593291295070436)
29,Pontificia Universidad Católica Argentina,Facultad de Ciencias Sociales y Económicas - Facultad de Derecho - Facultad de Psicología y Psicopedagogía - Instituto de Ciencias Políticas y Relaciones Internacionales,,"Moreau De Justo, Alicia Av. 1400, Edificio Santo Tomás Moro",Puerto Madero,Comuna 1,4349-0200,4349-0223,www.uca.edu.ar,POINT (-58.36604850225858 -34.61445785803402)
30,Pontificia Universidad Católica Argentina,Facultad de Ciencias Agrarias,,"Freire, Ramon, Cap. Gral. 183",Colegiales,Comuna 13,4552-2711/2721/2724,4552-2711,www.uca.edu.ar,POINT (-58.444582959093765 -34.57931134480373)
31,Universidad Abierta Interamericana,,Localización Centro,San Juan Av. 983,Constitucion,Comuna 1,4300-2147,4362-5028,www.uai.edu.ar,POINT (-58.37966350063162 -34.62204319815122)
32,Universidad Abierta Interamericana,,Localización Almagro,Estado De Palestina 748,Almagro,Comuna 5,4862-9179/4865-8796,4867-4216,www.uai.edu.ar,POINT (-58.42558943710875 -34.6019675832976)
33,Universidad Abierta Interamericana,,Localización Centro Anexo Cisneros,"Montes De Oca, Manuel Av. 745",Barracas,Comuna 4,4301-5240/5248/5398,,www.uai.edu.ar,POINT (-58.375053663660125 -34.6367133655621)
34,Universidad Abierta Interamericana,,Localización Belgrano,Montañeses 2759,Belgrano,Comuna 13,4788-2925/4787-9786/4788-2925,4780-3335,www.uai.edu.ar,POINT (-58.45392427809631 -34.551508883273506)
35,Universidad Abierta Interamericana,,Localización Centro Anexo (Piedras 1052),Piedras 1052,San Telmo,Comuna 1,4300-2147,,www.uai.edu.ar,POINT (-58.377216105500885 -34.62022207688387)
36,Universidad Abierta Interamericana,,Localización Centro Anexo (Piedras 735),Piedras 735,Monserrat,Comuna 1,4300-2147,,www.uai.edu.ar,POINT (-58.37744389245774 -34.61675426266318)
37,Universidad Abierta Interamericana,Facultad de Arquitectura - Facultad de Ciencias Empresariales - Facultad de Comunicación - Facultad de Derecho y Ciencias Políticas - Facultad de Desarrollo e Inv. Educativos - Facultad de Medicina y Ciencias de la Salud - Facultad de Motricidad Humana,,"Chacabuco 90, 1º piso",Monserrat,Comuna 1,4342-7788,4342-7654,www.uai.edu.ar,POINT (-58.37630982703031 -34.609118499001035)
38,Universidad Argentina de la Empresa,Facultad de Ciencias Económicas - Facultad de Ciencias Jurídicas y Sociales - Facultad de Comunicación y Diseño - Facultad de Dirección de Empresas - Facultad de Ingeniería y Ciencias Exactas - Rectorado,,Lima 717,Monserrat,Comuna 1,4379-7601/7636/7601,4381-2807,www.uade.edu.ar,POINT (-58.38160313878042 -34.6170740349788)
39,Universidad Argentina John F. Kennedy,Departamento de Arquitectura - Departamento de Construcciones y Estructuras - Departamento de Diseño - Departamento de Empresa,,Bolivar 1163,San Telmo,Comuna 1,4362-5766/4361-6506,,www.kennedy.edu.ar,POINT (-58.37286414025586 -34.62142767235715)
40,Universidad Argentina John F. Kennedy,Departamento de Penalistica,,Peru 1156,San Telmo,Comuna 1,4300-3816,,www.kennedy.edu.ar,POINT (-58.37411578158641 -34.62144034076336)
41,Universidad Argentina John F. Kennedy,Departamento de Periodismo y Comunicaciones,,Piedras 645,Monserrat,Comuna 1,4345-0175/8671,,www.kennedy.edu.ar,POINT (-58.37749793126693 -34.61565837736385)
42,Universidad Argentina John F. Kennedy,Departamento de Antropología - Departamento de Biología - Departamento de Ciencia Política - Departamento de Comercialización - Departamento de Computación - Departamento de Demografía y Turismo - Departamento de Historia - Departamento de Idiomas,,"Riobamba 152, 2º piso",Balvanera,Comuna 3,4371-4009/ 4115-0706,,www.kennedy.edu.ar,POINT (-58.39355686690121 -34.60753308628522)
43,Universidad Argentina John F. Kennedy,Departamento de Deportes - Departamento de Filosofía - Departamento de Psicoanálisis - Departamento de Psicología Clínica,,Estados Unidos 929,Constitucion,Comuna 1,4300-1166,,www.kennedy.edu.ar,POINT (-58.379146185456875 -34.618475545198606)
44,Universidad Argentina John F. Kennedy,Departamento de Diseño de Sistemas - Departamento de Tecnologías Informáticas,,Don Bosco 3729,Almagro,Comuna 5,4982-2746/4958-4075,,www.kennedy.edu.ar,POINT (-58.418272877381774 -34.61255855147659)
45,Universidad Argentina John F. Kennedy,"Departamento de Química General, Inorgánica y Orgánica",,"Calvo, Carlos 360",San Telmo,Comuna 1,4932-9307,,www.kennedy.edu.ar,POINT (-58.37090314263963 -34.619486632210474)
46,Universidad Argentina John F. Kennedy,Departamento de Abogacía - Departamento de Arte - Departamento de Economía - Departamento de Literatura - Departamento de Matemática y Física - Departamento de Relaciones Públicas - Departamento de Trabajo - Rectorado,,"Mitre, Bartolome 1411, 1º Piso",San Nicolas,Comuna 1,4371-6043 (C)4374-5211,,www.kennedy.edu.ar,POINT (-58.38650519056831 -34.60759314655144)
47,Universidad Argentina John F. Kennedy,Departamento de Estudiantes,,San Jose 868,Constitucion,Comuna 1,4383-5371/ 4382-4259,,www.kennedy.edu.ar,POINT (-58.385824897292295 -34.61842824248192)
48,Universidad Argentina John F. Kennedy,Escuela de Odontología,,Parral 221,Caballito,Comuna 6,4901-1079/1935,,www.kennedy.edu.ar,POINT (-58.44003792845176 -34.61673208085601)
49,Universidad Austral,Escuela y Laboratorio Ambiental - Facultad de Ciencias para la Familia - Facultad de Comunicación - Facultad de Derecho - Facultad de Ingeniería - Inglés - Rectorado,,"Garay, Juan De Av. 125",San Telmo,Comuna 1,5921-8000,5921-8000,www.austral.edu.ar,POINT (-58.36734344341167 -34.62396859969306)
50,Universidad CAECE,Departamento de Administración - Departamento de Ciencias Biológicas - Departamento de Ciencias Pedagógicas - Departamento de Computación - Departamento de Humanidades - Rectorado,,Junin 516,Balvanera,Comuna 3,5252-2811 (C)52522800,5252-2811,www.caece.edu.ar,POINT (-58.396997118229805 -34.60309255597987)
51,Universidad CAECE,Departamento de Matemáticas - Departamento de Sistemas - Posgrado,,De Mayo Av. 866,Monserrat,Comuna 1,5217-7878,5217-7887,www.caece.edu.ar,POINT (-58.3787354777531 -34.60894479296182)
52,Universidad CAECE,Escuela de Administración y Negocios,,"Peron, Juan Domingo, Tte. General 555, 1º piso",San Nicolas,Comuna 1,4393-0014/4328-5226,,www.caece.edu.ar,POINT (-58.374555473558665 -34.6056532696988)
53,Universidad Católica de La Plata,,Sede Buenos Aires,Larrea 1254,Recoleta,Comuna 2,4826-7026,,,POINT (-58.40024148453003 -34.592521284681766)
54,Universidad Católica de Salta,,Subsede Académica Buenos Aires,"Paseo Colon Av. 533, piso 8º",Monserrat,Comuna 1,5169-3324/93316,,,POINT (-58.36954923769111 -34.61426843669815)
55,Universidad de Belgrano,Estudios para Graduados - Facultad de Arquitectura y Urbanismo - Facultad de Ciencias Económicas - Facultad de Derecho y Ciencias Sociales - Facultad de Humanidades - Facultad de Lenguas y Estudios Extranjeros - Rectorado,,Zabala 1837,Belgrano,Comuna 13,4788-5400,4576-3923,www.ub.edu.ar,POINT (-58.44379034883942 -34.56425702052904)
56,Universidad de Belgrano,Escuela de Economía y Negocios Internacionales - Posgrado de Derecho,,"Alvear, Marcelo T. De 1560",Recoleta,Comuna 2,4812-6460 / 9680,,www.ub.edu.ar,POINT (-58.38913520579369 -34.59720393372434)
57,Universidad de Belgrano,Facultad de Ciencias de la Salud - Facultad de Ciencias Exactas y Naturales - Facultad de Ingeniería,,Villanueva 1324,Palermo,Comuna 14,4511-4700 / 4701 / 4735 / 4736,,www.ub.edu.ar,POINT (-58.44269588624576 -34.5655045109766)
58,Universidad de Belgrano,Departamento de Posgrado y Educación Continua,,Lavalle 485,San Nicolas,Comuna 1,4393-5588/8459/8491,,www.ub.edu.ar,POINT (-58.37369102921376 -34.60208911398834)
59,Universidad de Belgrano,Facultad de Ciencias Agrarias - Facultad de Estudios a Distancia y Educación Virtual - Facultad de Tecnología Informática,,"Lacroze, Federico Av. 1947 / Lacroze, Federico Av. 1955",Palermo,Comuna 14,4511-4740/4576-3903/4511-4711,,www.ub.edu.ar,POINT (-58.44103258824885 -34.5658980921342)
60,Universidad de Bologna,Rectorado,,Rodriguez Peña 1464,Recoleta,Comuna 2,4878-2900,4878-8628,www.unibo.edu.ar,POINT (-58.39123042033842 -34.59284586477624)
61,Universidad de Buenos Aires,Facultad de Psicología,,"Yrigoyen, Hipolito 3238 / Yrigoyen, Hipolito 3246",Balvanera,Comuna 3,4931-9956/4957-5877 (R) 4931-6900,4956-1218,www.uba.ar   www.psi.uba.ar,POINT (-58.41236988961251 -34.61223853634902)
62,Universidad de Buenos Aires,Facultad de Ciencias Económicas,,Cordoba Av. 2122,Balvanera,Comuna 3,4370-6159/4/4448/4374-1155,4370-6103,www.uba.ar   www.econ.uba.ar,POINT (-58.397928893581536 -34.59982462927396)
63,Universidad de Buenos Aires,Facultad de Ciencias Veterinarias,,Chorroarin Av. 280,Agronomia,Comuna 15,4524-8400(R)4524-8402/4514-8952,4514-8968,www.uba.ar   www.fvet.uba.ar,POINT (-58.47762060069653 -34.59615823329081)
64,Universidad de Buenos Aires,,"Sede - Rector José Luis Romero (""Montes de Oca"")","Montes De Oca, Manuel Av. 1120",Barracas,Comuna 4,4302-8589,,www.uba.ar,POINT (-58.374042621753006 -34.64102453422791)
65,Universidad de Buenos Aires,Facultad de Derecho,,"Figueroa Alcorta, Pres. Av. 2263",Recoleta,Comuna 2,4809-5697/5600/5696/3190,4809-5694,www.uba.ar   www.derecho.uba ar,POINT (-58.3923729479841 -34.583291167211)
66,Universidad de Buenos Aires,Facultad de Agronomía,,San Martin Av. 4453,Agronomia,Comuna 15,4514-8732 (C)4524-8000,4514-8737,www.uba.ar   www.agro.uba.ar,POINT (-58.48236258288056 -34.59801807629182)
67,Universidad de Buenos Aires,,Centro Universitario Regional Paternal,San Martin Av. 4453,Agronomia,Comuna 15,4514-8980,4523-4265,www.uba.ar,POINT (-58.48236258288056 -34.59801807629182)
68,Universidad de Buenos Aires,Ciclo Básico Común,"Sede ""Villa Lugano""","Fernandez De La Cruz, F., Gral. Av. 5430",Villa Lugano,Comuna 8,,,www.uba.ar,POINT (-58.464974159539196 -34.67907004644322)
69,Universidad de Buenos Aires,Ciclo Básico Común,,"Sendero Complejo Ciudad Universitaria (Sin Nombre Oficial) y Complejo Ciudad Universitaria (Sin Nombre Oficial), Ciudad Universitaria - Pabellón  I",Belgrano,Comuna 13,4789 - 6000,4789-6098,www.uba.ar   www.cbc.uba.ar,POINT (-58.43950208815731 -34.54470349233196)
70,Universidad de Buenos Aires,Facultad de Psicología,Sede Bulnes,Bulnes 295,Almagro,Comuna 5,,,www.uba.ar   www.psi.uba.ar,POINT (-58.41862501834394 -34.60732432037212)
71,Universidad de Buenos Aires,Facultad de Ciencias Exactas y Naturales,,"Sendero Complejo Ciudad Universitaria (Sin Nombre Oficial) y Complejo Ciudad Universitaria (Sin Nombre Oficial), Ciudad Universitaria - Pabellón II",Belgrano,Comuna 13,4576-3332/3/3300/09,4576-3351,www.uba.ar   www.fcen.uba.ar,POINT (-58.4428403682179 -34.54227772160852)
72,Universidad de Buenos Aires,"Facultad de Arquitectura, Diseño y Urbanismo",,"Sendero Complejo Ciudad Universitaria (Sin Nombre Oficial) y Complejo Ciudad Universitaria (Sin Nombre Oficial), Ciudad Universitaria - Pabellón III",Belgrano,Comuna 13,4789-6201/4789-6210   (R)4789-6200,4576-3205,www.uba.ar   www.fadu.uba.ar,POINT (-58.44419497148306 -34.54165358814785)
73,Universidad de Buenos Aires,Facultad de Psicología,Sede Independencia,Independencia Av. 3065,Balvanera,Comuna 3,,,www.uba.ar   www.psi.uba.ar,POINT (-58.40876132475652 -34.61983026606989)
74,Universidad de Buenos Aires,Facultad de Ingeniería,Sede Las Heras,Las Heras General Av. 2216,Recoleta,Comuna 2,4514-3013,,www.uba.ar   www.ingenieria.uba.ar,POINT (-58.39622546615327 -34.58837476665079)
75,Universidad de Buenos Aires,Facultad de Ciencias Sociales,Sede Constitución,Santiago Del Estero 1029,Constitucion,Comuna 1,4305- 6087/6168,,www.uba.ar   www.sociales.uba.ar,POINT (-58.384403255648216 -34.62024205982317)
76,Universidad de Buenos Aires,,"Sede ""Devoto""",Habana 3870,Villa Devoto,Comuna 11,4580-2825/2826,4504-7712/580-2829,www.uba.ar,POINT (-58.51237195016059 -34.5973480648669)
77,Universidad de Buenos Aires,,"Sede ""Doctor Leónidas Anastasi"" (Drago)",Holmberg 2614,Villa Urquiza,Comuna 12,4576-9852 al 55,,www.uba.ar,POINT (-58.47843692328924 -34.56763405829667)
78,Universidad de Buenos Aires,,Sede Dr. Ramos Mejía (CBC),Ramos Mejia 841,Caballito,Comuna 6,,,www.uba.ar,POINT (-58.43234005033567 -34.605907356082064)
79,Universidad de Buenos Aires,Facultad de Farmacia y Bioquímica,,Junin 954,Recoleta,Comuna 2,4964-8222/4508-3644/4964-8224/8200,4508-3648,www.uba.ar   www.ffyb.uba.ar,POINT (-58.397449200815956 -34.59785092053519)
80,Universidad de Buenos Aires,Facultad de Odontología,,"Alvear, Marcelo T. De 2142",Recoleta,Comuna 2,4508-3956/4964-1238/1239 (R)4964-1200,4508-3958,www.uba.ar   www.odon.uba.ar,POINT (-58.398067186624004 -34.59719213692)
81,Universidad de Buenos Aires,Facultad de Ciencias Sociales,,"Alvear, Marcelo T. De 2230",Recoleta,Comuna 2,4508-3813/3814 /3800/3804/3805/3806/3807,4508-3818,www.uba.ar   www.fsoc.uba.ar,POINT (-58.39955460173145 -34.59694924535013)
82,Universidad de Buenos Aires,Facultad de Medicina,,Paraguay 2155,Recoleta,Comuna 2,5950-9501/02/03 (C)9500/8000,,www.uba.ar   www.fmed.uba.ar,POINT (-58.39826035025714 -34.59841824859314)
83,Universidad de Buenos Aires,Facultad de Ingeniería,,Paseo Colon Av. 850,San Telmo,Comuna 1,4331-0833/4342-6272/2659 (R)4343-0891 (C)0,4345-7262,www.uba.ar   www.fi.uba.ar,POINT (-58.36875398857824 -34.617777761055365)
84,Universidad de Buenos Aires,Facultad de Filosofía y Letras,,Puan 470,Caballito,Comuna 6,4432-9608/0606,4432-0121,www.uba.ar   www.filo.uba.ar,POINT (-58.44664709566708 -34.62826348009255)
85,Universidad de Buenos Aires,,"Sede - ""Tucumán""(ex ""Uriburu"")",Tucuman 3177,Balvanera,Comuna 3,4508-3977,,www.uba.ar,POINT (-58.41041903048634 -34.600569587559484)
86,Universidad de Buenos Aires,Rectorado,,Reconquista 694 / Viamonte 430 / Viamonte 444,San Nicolas,Comuna 1,4511-8153 (C)4510-1100,4511-8123,www.uba.ar,POINT (-58.373203995002385 -34.59974793459724)
87,Universidad de Ciencias Empresariales y Sociales,Facultad de Ciencias Económicas,,"Paraguay 1457, 3º piso",Recoleta,Comuna 2,4815-3290,4816-5144,www.uces.edu.ar,POINT (-58.387600517263294 -34.598290181311995)
88,Universidad de Ciencias Empresariales y Sociales,Facultad de Ciencias de la Comunicación,,Paraguay 1401,Recoleta,Comuna 2,4815-3290,4814-5255,www.uces.edu.ar,POINT (-58.38711402523791 -34.59825778761145)
89,Universidad de Ciencias Empresariales y Sociales,Facultad de Ciencias de la Salud - Rectorado,,Paraguay 1237,Retiro,Comuna 1,4815-3290/494/495,4813-5635,www.uces.edu.ar,POINT (-58.384671099933556 -34.59809118655968)
90,Universidad de Ciencias Empresariales y Sociales,Departamento de Posgrados,,"Paraguay 1338, Piso 11",Retiro,Comuna 1,4815-3290/ 491,,www.uces.edu.ar,POINT (-58.38613193591176 -34.598251668891216)
91,Universidad de Ciencias Empresariales y Sociales,Facultad de Ciencias Jurídicas y Sociales,,"Paraguay 1462, 1º piso",Recoleta,Comuna 2,4815-3290,4815-3290,www.uces.edu.ar,POINT (-58.38772165213852 -34.59837158860944)
92,Universidad de Ciencias Empresariales y Sociales,Facultad de Ciencias Empresariales,,Paraguay 1318,Retiro,Comuna 1,4815-3290,813-2915,www.uces.edu.ar,POINT (-58.38589478988269 -34.59823440045184)
93,Universidad de Flores,Facultad de Actividad Física y Deporte - Facultad de Administración - Facultad de Ingeniería - Rectorado,,Nazca Av. 274,Flores,Comuna 7,4611-4800/4613-3636,4611-4800,www.uflo.edu.ar,POINT (-58.47063906365035 -34.62872001489921)
94,Universidad de Flores,Facultad de Derecho - Facultad de Planeamiento Socioambiental - Facultad de Psicología,,Pedernera 275,Flores,Comuna 7,4637-4500,4637-4500,www.uflo.edu.ar,POINT (-58.46280481154296 -34.63249865706519)
95,Universidad de la Marina Mercante,Facultad de Administración y Economía - Facultad de Humanidades y Ciencias Sociales - Facultad de Ingeniería - Rectorado,,Rivadavia Av. 2258,Balvanera,Comuna 3,4953-9000/4952-4700/4440/6767,4953-9000,www.udemm.edu.ar,POINT (-58.398416887729084 -34.6097058458462)
96,Universidad de Morón,Instituto Argentino de Seguridad,,"Callao Av. 262, 1º piso",Balvanera,Comuna 3,4375-0104,,,POINT (-58.39226796169468 -34.60605288226946)
97,Universidad de Morón,,Anexo Académico Barrio Norte,"Uriburu Jose E., Pres. 1022 / Uriburu Jose E., Pres. 1045",Recoleta,Comuna 2,4821-2616/4822-6824,,,POINT (-58.398843183840896 -34.59666712733562)
98,Universidad de Morón,IAETES (Instituto Argentino de Estudios Técnicos Económicos y Sociales),,"San Jose 225, 1º piso / San Jose 243, 1º piso",Monserrat,Comuna 1,4381-3358,,,POINT (-58.38619186566641 -34.61159041345217)
99,Universidad de Morón,,Anexo Académico Villa Urquiza,Triunvirato Av. 4671,Villa Urquiza,Comuna 12,4521-3500,,,POINT (-58.48595505490286 -34.57451979542834)
100,Universidad de Morón,Escuela Argentina de Negocios,,Esmeralda 321,San Nicolas,Comuna 1,4326-4860,,,POINT (-58.37799141433753 -34.6044079385044)
101,Universidad de Morón,Gestión Hotelera,Anexo Caballito,"Oroño, Nicasio 942",Caballito,Comuna 6,4581-8001,,,POINT (-58.45447955293188 -34.61370700454072)
102,Universidad de Morón,Cámara Inmobiliaria Argentina,,"Mitre, Bartolome 784, 1º piso",San Nicolas,Comuna 1,5031-3333,,,POINT (-58.37757713046635 -34.607062230198785)
103,Universidad de Palermo,Facultad de Arquitectura,,"Jaures, Jean 932",Balvanera,Comuna 3,4962-4647/5199 -4500,4963-1560,www.palermo.edu,POINT (-58.40706581499163 -34.59910159657594)
104,Universidad de Palermo,Cátedra Unesco en Educación Superior - Facultad de Ingeniería,,"Bravo, Mario 1302",Palermo,Comuna 14,5199-4500,4963-1560,www.palermo.edu,POINT (-58.41472330952374 -34.59467620122001)
105,Universidad de Palermo,Facultad de Ciencias Sociales,,"Bravo, Mario 1259",Recoleta,Comuna 2,5199-4500,4963-1560,www.palermo.edu,POINT (-58.41473655845573 -34.59500524499742)
106,Universidad de Palermo,Facultad de Ciencias Económicas y Empresariales - Facultad de Derecho - Facultad de Diseño y Comunicación - Rectorado,,"Bravo, Mario 1050",Palermo,Comuna 14,5199-4500,4963-1560,www.palermo.edu,POINT (-58.41584128541127 -34.59732397920401)
107,Universidad del CEMA,Departamento de Ingeniería - Departamento de Matemática e Informática,,Reconquista 775,San Nicolas,Comuna 1,6314-2269 (C)6314-3000,6314-1654,www.cema.edu.ar,POINT (-58.37273212899387 -34.598791836487834)
108,Universidad del CEMA,Departamento de Ciencias Políticas - Departamento de Contabilidad - Departamento de Dirección de Empresas - Departamento de Economía - Departamento de Finanzas - Departamento de Investigaciones - Maestría en Dirección Bancaria y Agronegocios - Maest,,Cordoba Av. 374,San Nicolas,Comuna 1,6314-2269 (C)6314-3000,6314-1654,www.cema.edu.ar,POINT (-58.37236348410354 -34.59856644668209)
109,Universidad del Cine,Facultad de Ciencias de la Comunicación - Facultad de Cinematografía - Rectorado,,"Giuffra, Jose M.,Dr. 330 / Giuffra, Jose M.,Dr. 353",San Telmo,Comuna 1,(R)4300-1413/4300-1407,4300-0674,www.ucine.edu.ar,POINT (-58.37064141777774 -34.61784196426518)
110,Universidad del Museo Social Argentino,Facultad de Ciencias Económicas de la Administración y de los Negocios,,"Alsina, Adolfo 1440",Monserrat,Comuna 1,4383-6809/7018,4375-4600,www.umsa.edu.ar,POINT (-58.386679476405035 -34.61115897872477)
111,Universidad del Museo Social Argentino,Facultad de Ciencias de la Interacción Social - Facultad de Ciencias de la Recuperación Humana - Facultad de Ciencias Jurídicas y Políticas - Facultad de Ciencias Psicológicas y Pedagógicas - Facultad de Lenguas Modernas - Rectorado,,Corrientes Av. 1723,San Nicolas,Comuna 1,4375-4601/4602/ 4372-5098/99,4375-4600,www.umsa.edu.ar,POINT (-58.39131623720295 -34.60428494491914)
112,Universidad del Museo Social Argentino,Facultad de Artes y Ciencias de la Conservación,,Sarmiento 1565,San Nicolas,Comuna 1,5217-9401,4375-4600,www.umsa.edu.ar,POINT (-58.388832813866124 -34.60538658734375)
113,Universidad del Norte Santo Tomás de Aquino,Facultad de Filosofía,,Defensa 422,Monserrat,Comuna 1,4345-4817,4345-4817,,POINT (-58.371851323868874 -34.61307232278972)
114,Universidad del Salvador,Rectorado,,Viamonte 1856,Balvanera,Comuna 3,4813-9630/1408,4812-4625,www.salvador.edu.ar,POINT (-58.39357554506804 -34.60087709883647)
115,Universidad del Salvador,Facultad de Ciencias Jurídicas,,"Peron, Juan Domingo, Tte. General 1818",Balvanera,Comuna 3,4372-5308,4372-5308,www.salvador.edu.ar,POINT (-58.392512020626704 -34.606864409993925)
116,Universidad del Salvador,Instituto de Capacitación Contínua,,Rodriguez Peña 770,San Nicolas,Comuna 1,4813-0180,4813-0180,www.salvador.edu.ar,POINT (-58.39154423939391 -34.60010938573885)
117,Universidad del Salvador,"Facultad de Filosofía, Historia y Letras",,Rodriguez Peña 670,San Nicolas,Comuna 1,4375-2959,4375-2959,www.salvador.edu.ar,POINT (-58.391429263851535 -34.60117405595793)
118,Universidad del Salvador,Facultad de Ciencias Económicas,,"Alvear, Marcelo T. De 1335 / Alvear, Marcelo T. De 1337",Retiro,Comuna 1,4811-1279/4813-5622/3408,4811-1279,www.salvador.edu.ar,POINT (-58.386208133832895 -34.59695769295387)
119,Universidad del Salvador,Escuela de Arte y Arquitectura,,Junin 1063,Recoleta,Comuna 2,4825-8622,4825-8622,www.salvador.edu.ar,POINT (-58.39741010610676 -34.59632078122722)
120,Universidad del Salvador,Escuela de Estudios Orientales - Facultad de Ciencias de la Educación y de la Comunicación Social,,Callao Av. 853,Recoleta,Comuna 2,4811-2270,4812-9853,www.salvador.edu.ar,POINT (-58.39290424336531 -34.599032087639074)
121,Universidad del Salvador,Facultad de Ciencias Sociales - Instituto de Prevención de la Drogadependencia,,"Yrigoyen, Hipolito 2441, 2º  piso",Balvanera,Comuna 3,4952-1403/4951,4952-6471,www.salvador.edu.ar,POINT (-58.400819614008306 -34.61090754912652)
122,Universidad del Salvador,Facultad de Ciencia y Tecnología - Facultad de Ciencias de la Administración - Facultad de Ciencias Económicas - Facultad de Psicología y Psicopedagogía,,"Alvear, Marcelo T. De 1312",Retiro,Comuna 1,4813-3400/9639,4813-9639,www.salvador.edu.ar,POINT (-58.38585544710188 -34.59702371624977)
123,Universidad del Salvador,Facultad de Medicina,,Tucuman 1845,Balvanera,Comuna 3,4811-8519/4813-2935,4811-8519,www.salvador.edu.ar,POINT (-58.39329298769591 -34.60188508347873)
124,Universidad Favaloro,Facultad de Posgrado - Rectorado,,Solis 453,Monserrat,Comuna 1,4378-1169/1170/1161,4381-0323,www.favaloro.edu.ar,POINT (-58.3904248114106 -34.61435961434144)
125,Universidad Favaloro,Facultad de Ciencias Médicas,,"Belgrano Av. 1782, 2º piso",Monserrat,Comuna 1,4378-1237,4378-1238,www.favaloro.edu.ar,POINT (-58.391345570814856 -34.61387579530089)
126,Universidad Favaloro,Facultad de Ingeniería y Ciencias Exactas y Naturales,,"Belgrano Av. 1723, piso 1º",Monserrat,Comuna 1,4378-1117,4384-0782,www.favaloro.edu.ar,POINT (-58.390660962239096 -34.613663573899395)
127,Universidad Maimónides,Rectorado,,Talcahuano 456,San Nicolas,Comuna 1,4373-1090/4905-1154 /4382-7510,4373-1090,www.maimonides.edu,POINT (-58.385172493415695 -34.603233378612906)
128,Universidad Maimónides,Escuela de Comunicación Multimedial - Escuela Internacional de Negocios - Facultad de Ciencias de la Salud - Facultad de Humanidades,,Hidalgo 775,Caballito,Comuna 6,4905-1199,4905-1162,www.maimonides.edu,POINT (-58.440996442445865 -34.6104516967029)
129,Universidad Nacional de General San Martín,Escuela de Política y Gobierno - Instituto de Altos Estudios Sociales,,Parana 145,San Nicolas,Comuna 1,4754-7300// 4372-3289,4374-7007,www.ungsm.edu.ar,POINT (-58.38773519775892 -34.607181725515204)
130,Universidad Nacional de General San Martín,Instituto de Ciencias de la Rehabilitación y el Movimiento,,Ramsay 2250,Belgrano,Comuna 13,4576-0450/51/55,4576-0450,www.ungsm.edu.ar,POINT (-58.440760858122424 -34.551160048424535)
131,Universidad Nacional de la Matanza,Escuela de Posgrado,,"De Mayo Av. 774, Pisos 1º,2º,3º",Monserrat,Comuna 1,4342-8776,4480-8975,www.unlm.edu.ar,POINT (-58.37738055056235 -34.608852793184056)
132,Universidad Nacional de las Artes,Carreras de Posgrado - Rectorado,,Azcuenaga 1129,Recoleta,Comuna 2,5777-1300,,http://una.edu.ar/   http://una.edu.ar/posgrados/,POINT (-58.39967221773816 -34.59485323081721)
133,Universidad Nacional de las Artes,Área Transdepartamental Carrera de Artes Multimediales - Departamento de Artes Audiovisuales,,"Salguero, Jeronimo 60",Almagro,Comuna 5,4864-4141 // 4864-9194 // 4864-9049,,http://una.edu.ar/   http://audiovisuales.una.edu.ar/,POINT (-58.41990224442574 -34.610406956384544)
134,Universidad Nacional de las Artes,Área Transdepartamental Carrera de Crítica de Artes - Departamento de Artes Visuales - Posgrado en Artes Visuales,,"Mitre, Bartolome 1869",Balvanera,Comuna 3,4371-7160 // 4371-5252 // 2056-3886,,http://una.edu.ar/   http://criticadeartes.una.edu.ar/,POINT (-58.39302593932101 -34.60790544991873)
135,Universidad Nacional de las Artes,Área Transdepartamental Carrera de Artes Multimediales - Departamento de Artes Audiovisuales,,Rocamora 4141,Almagro,Comuna 5,4864-4141 // 4864-9194 // 4864-9049,,http://una.edu.ar/   http://audiovisuales.una.edu.ar/,POINT (-58.42271439814784 -34.5991207945045)
136,Universidad Nacional de las Artes,Área Transdepartamental de Artes Multimediales,,Don Pedro De Mendoza Av. 679,La Boca,Comuna 4,4307-0624,,http://una.edu.ar/   http://multimedia.una.edu.ar/,POINT (-58.35567665680319 -34.6296036434598)
137,Universidad Nacional de las Artes,Área Transdepartamental de Folklore - Departamento de Artes del Movimiento,,Sanchez De Loria 443 / Sanchez De Loria 447 / Sanchez De Loria 451,Almagro,Comuna 5,4866-1675 // 4866-2168,,http://una.edu.ar/   http://folklore.una.edu.ar/ - http://movimiento.una.edu.ar/,POINT (-58.41299258759126 -34.61488704677339)
138,Universidad Nacional de las Artes,Departamento de Arte Dramáticas,,Republica Bolivariana De Venezuela 2587,Balvanera,Comuna 3,4804-9743  //  4804-2352,,http://una.edu.ar/   http://dramaticas.una.edu.ar/,POINT (-58.40387329886293 -34.61563207442298)
139,Universidad Nacional de las Artes,Departamento de Artes Visuales,,Pinzon 1172,La Boca,Comuna 4,2056-3440 // 2056-1658 // 2056-4473,,http://una.edu.ar/   http://visuales.una.edu.ar/,POINT (-58.36918915539033 -34.63654062623347)
140,Universidad Nacional de las Artes,Departamento de Arte Dramáticas,,French 3614,Palermo,Comuna 14,4804-9743  //  4804-2352,,http://una.edu.ar/   http://dramaticas.una.edu.ar/,POINT (-58.41174896734601 -34.58313449430455)
141,Universidad Nacional de las Artes,Departamento de Artes Musicales y Sonoras,,Cordoba Av. 2445,Recoleta,Comuna 2,4961-9618 // 4964-5593,,http://una.edu.ar/   http://artesmusicales.org/web/,POINT (-58.401823936554884 -34.59921302182663)
142,Universidad Nacional de las Artes,Departamento de Artes Visuales,,Regimiento De Patricios Av. 740,La Boca,Comuna 4,2056-3440 // 2056-1658 // 2056-4473,,http://una.edu.ar/   http://visuales.una.edu.ar/,POINT (-58.36948557025943 -34.63692423429936)
143,Universidad Nacional de las Artes,Área Transdepartamental de Carrera de Formación Docente,,Bolivar 1674,Barracas,Comuna 4,4362-1699  //  4361-7692,,http://una.edu.ar/   http://formaciondocente.una.edu.ar/,POINT (-58.372236819206 -34.627865028665305)
144,Universidad Nacional de Luján,,Sede Ciudad de Buenos Aires,Ecuador 871,Balvanera,Comuna 3,4962-7045/7026,4961-3268,www.unlu.edu.ar,POINT (-58.406401220846064 -34.60007826331338)
145,Universidad Nacional de Quilmes,Instituto de Estudios sobre la Ciencia y la Tecnología,,"Rivadavia Av. 2358, 6º piso",Balvanera,Comuna 3,4951-8221/2431,4951-8221/2431,www.unq.edu.ar,POINT (-58.399859186858116 -34.609819167951656)
146,Universidad Notarial Argentina,"Derecho Civil y Comercial - Derecho Comparado y de Integración, Administrativo, Ambiental, Constitucional - Derecho Tributario y Notarial - Historia del Notariado - Inst. de la Minoridad y del Derecho de Menores - Sist. e Informática Notarial - Técnic",,Guido 1841,Recoleta,Comuna 2,4804-4233/7743,4804-7743,,POINT (-58.390378278983526 -34.5896186983859)
147,Universidad Tecnológica Nacional,,Facultad Regional Buenos Aires,Medrano Av. 951,Almagro,Comuna 5,4862-1374/1881/4867-7521/7500,4867-7575,http://www.frba.utn.edu.ar/   www.frba.utn.edu.ar,POINT (-58.420189685526 -34.598789673193544)
148,Universidad Tecnológica Nacional,Instituto Nacional Superior del Profesorado Técnico,,Triunvirato Av. 3174,Villa Ortuzar,Comuna 15,4554-1667/4552-4176 /6027,4552-4176 / 6027,http://www.frba.utn.edu.ar/   www.inspt.utn.edu.ar,POINT (-58.46695894463747 -34.58406397905905)
149,Universidad Tecnológica Nacional,Rectorado,,"Sarmiento 440, piso 3º, 5º, 6º, 7º, 8º",San Nicolas,Comuna 1,5371-5700/5600/5702/5704/5703,5371-5697,http://www.frba.utn.edu.ar/,POINT (-58.372789137884595 -34.6044728271877)
150,Universidad Tecnológica Nacional,,Campus Universitario,Mozart 2300,Villa Lugano,Comuna 8,4638-8115/8838,,http://www.frba.utn.edu.ar/,POINT (-58.46811688466121 -34.65975945492542)
151,Universidad Tecnológica Nacional,Escuela de Posgrado,,Castro Barros Av. 91,Almagro,Comuna 5,4983-8882,,http://www.frba.utn.edu.ar/,POINT (-58.42086694377014 -34.612853039073705)
152,Universidad Torcuato Di Tella,,Campus Alcorta,"Saenz Valiente, Juan Pablo 1010",Belgrano,Comuna 13,5169 7300,,www.utdt.edu/,POINT (-58.44754485597146 -34.54816021717908)
153,Universidad Torcuato Di Tella,Centro de Estudios de arquitectura Contemporánea - Departamento de Ciencia Política y Estudios Internacionales - Departamento de Economía - Departamento de Historia - Departamento de Matemática y Estadística - Escuela de Derecho - Escuela de Gobiern,,Miñones 2159,Belgrano,Comuna 13,4784-0080,4784-0089,www.utdt.edu/,POINT (-58.44608361203776 -34.55469621231904)
